{"stats":{"minecraft:custom":{"minecraft:jump":29,"minecraft:time_since_rest":763,"minecraft:crouch_one_cm":256,"minecraft:sprint_one_cm":4796,"minecraft:deaths":1,"minecraft:play_time":2084,"minecraft:damage_taken":620,"minecraft:time_since_death":1317,"minecraft:walk_one_cm":2080,"minecraft:sneak_time":767,"minecraft:total_world_time":2084,"minecraft:fall_one_cm":718,"minecraft:fly_one_cm":13890},"minecraft:mined":{"minecraft:grass":1,"minecraft:grass_block":1},"minecraft:killed_by":{"undead_revamp2:clogger":1}},"DataVersion":3465}