{"stats":{"minecraft:custom":{"minecraft:time_since_rest":2501,"minecraft:crouch_one_cm":361,"minecraft:play_time":14084,"minecraft:sprint_one_cm":13714,"minecraft:walk_one_cm":32123,"minecraft:damage_taken":710,"minecraft:deaths":1,"minecraft:sneak_time":990,"minecraft:jump":111,"minecraft:damage_dealt":10,"minecraft:time_since_death":13317,"minecraft:sleep_in_bed":1,"minecraft:climb_one_cm":2481,"minecraft:total_world_time":14084,"minecraft:interact_with_crafting_table":2,"minecraft:fall_one_cm":4126,"minecraft:fly_one_cm":31014,"minecraft:open_chest":1},"minecraft:used":{"minecraft:wooden_axe":18,"minecraft:crafting_table":1,"alexsmobs:animal_dictionary":1},"minecraft:mined":{"minecraft:dark_oak_fence":2,"minecraft:grass":3,"minecraft:grass_block":4,"minecraft:birch_log":7,"regions_unexplored:maple_log":2,"regions_unexplored:medium_grass":2,"treechop:chopped_log":3},"minecraft:picked_up":{"minecraft:birch_log":8,"minecraft:stick":2,"minecraft:wheat_seeds":1,"regions_unexplored:maple_log":3,"minecraft:dark_oak_fence":2,"minecraft:birch_sapling":2,"minecraft:dirt":4},"minecraft:killed_by":{"undead_revamp2:clogger":1},"minecraft:crafted":{"minecraft:crafting_table":1,"minecraft:stick":4,"regions_unexplored:maple_planks":12,"minecraft:wooden_axe":2}},"DataVersion":3465}